0,1,radioman,ShogunShuriken
1,2,Ramanutha,radioman
0,1,DarkAnxo,ShogunShuriken
0,1,mr_crash,ShogunShuriken
0,1,sosiata,ShogunShuriken
0,1,RandomAccess,ShogunShuriken
4,2,RandomAccess,mr_crash
6,2,HugoAlexandre,RandomAccess
6,2,woopi,RandomAccess
6,2,Luispi,RandomAccess
0,1,HugoAlexandre,ShogunShuriken
0,1,Ratonido,ShogunShuriken
8,3,RandomAccess,HugoAlexandre
0,1,Luispi,ShogunShuriken
9,3,Ratonido,woopi
0,1,Barbacas,ShogunShuriken
10,3,RandomAccess,Luispi
6,2,Primo,RandomAccess
17,4,Ratonido,RandomAccess
17,4,Primo,RandomAccess
9,3,RandomAccess,woopi
5,2,cyrus,sosiata
5,2,Nitros,sosiata
1,2,mangrar_2,radioman
0,1,Sofrito,ShogunShuriken
20,5,RandomAccess,Primo
5,2,kahun,sosiata
5,2,andando,sosiata
0,1,kandalf,ShogunShuriken
25,2,charly-0711,Sofrito
5,2,GeoX,sosiata
0,1,now,ShogunShuriken
0,1,MaximumPetrus,ShogunShuriken
6,2,johnyfw,RandomAccess
34,3,RandomAccess,johnyfw
35,4,johnyfw,RandomAccess
17,4,listuam,RandomAccess
37,5,RandomAccess,listuam
30,3,Sofrito,charly-0711
26,6,--401580--,RandomAccess
40,7,RandomAccess,--401580--
5,2,parku,sosiata
33,2,parku,MaximumPetrus
42,3,sosiata,parku
15,4,woopi,Ratonido
44,4,parku,sosiata
46,5,sosiata,parku
47,6,parku,sosiata
0,1,DarkFlopo,ShogunShuriken
45,5,RandomAccess,woopi
