0,1,jm22381,BillyTheKid
0,1,--478315--,BillyTheKid
0,1,tul,BillyTheKid
0,1,--254627--,BillyTheKid
0,1,oxelo,BillyTheKid
0,1,mrsombra,BillyTheKid
0,1,Lito,BillyTheKid
0,1,guillersk,BillyTheKid
8,2,meneameadmin,guillersk
3,2,olizinho,tul
0,1,olizinho,BillyTheKid
6,2,raharu_haruha,mrsombra
0,1,miniyo2323,BillyTheKid
9,3,raharu_haruha,meneameadmin
7,2,jmav,Lito
15,3,meneameadmin,jmav
13,2,Comentario,miniyo2323
16,4,LadyStorm,meneameadmin
7,2,TDI,Lito
11,2,Enking,olizinho
20,3,olizinho,Enking
0,1,Sephyros,BillyTheKid
